Seed,Coupling,MaxMaxEnergyEffectPercent,FinalCycle,FinalPopulation,MinimumPopulation,MinimumPopulationCycle,MaximumPopulation,MaximumPopulationCycle,LongestNoBirthStreak,FinalBirths,FinalDeaths,FinalAverageGeneration,FinalSpeciesCount,VallePopulation,BosquePopulation,LlanuraPopulation,ValleLocalExtinctionEpisodes,ValleRecolonizations,ValleLongestEmptyPeriod,ValleEmptyAtEnd,BosqueLocalExtinctionEpisodes,BosqueRecolonizations,BosqueLongestEmptyPeriod,BosqueEmptyAtEnd,LlanuraLocalExtinctionEpisodes,LlanuraRecolonizations,LlanuraLongestEmptyPeriod,LlanuraEmptyAtEnd,FinalLivingBodySizeModifier,MeanEffectiveParentBodySizeModifier,FinalLivingEnergyCapacityMultiplier,MeanEffectiveParentEnergyCapacityMultiplier,FinalLivingGeneticSize,FinalLivingBaseMaxEnergy,FinalLivingMaxEnergy,FinalLlanuraBodySizeModifier,FinalLlanuraEnergyCapacityMultiplier,FinalLlanuraGeneticSize,FinalLlanuraMaxEnergy,ValleBosqueMateAcceptance,ValleLlanuraMateAcceptance,BosqueLlanuraMateAcceptance
98765,0.0000,0.000,1600,1971,353,898,15695,856,27,89,8,122.770,2,369,917,685,0,0,0,False,0,0,0,False,2,2,68,False,-0.000253,-0.000099,1.000000,1.000000,1.559368,189.155747,189.155747,-0.000326,1.000000,1.590065,191.304532,0.935655,0.738875,0.524243
98766,0.0000,0.000,1600,9714,292,680,13910,1103,27,170,259,119.897,2,5170,3146,1398,0,0,0,False,0,0,0,False,3,3,78,False,0.000203,0.000060,1.000000,1.000000,1.500537,185.037610,185.037610,0.000578,1.000000,1.516401,186.148100,0.987770,0.286244,0.222761
98767,0.0000,0.000,1600,79,20,870,14528,764,29,1,10,123.139,1,21,53,5,1,1,78,False,1,1,12,False,9,9,137,False,-0.013127,-0.006351,1.000000,1.000000,1.395106,177.657395,177.657395,-0.015358,1.000000,1.381433,176.700336,0.998139,0.928791,0.915633
98768,0.0000,0.000,1600,1275,212,549,16016,1533,29,50,9,120.497,2,128,837,310,0,0,0,False,0,0,0,False,2,2,58,False,0.000238,0.000482,1.000000,1.000000,1.465844,182.609108,182.609108,0.000720,1.000000,1.503002,185.210113,0.997204,0.218003,0.231425
98769,0.0000,0.000,1600,1415,136,550,13749,505,31,104,0,125.379,1,6,1409,0,1,1,10,False,0,0,0,False,12,11,97,True,0.000640,0.000026,1.000000,1.000000,1.474990,183.249275,183.249275,0.000000,1.000000,0.000000,0.000000,0.985289,,
98770,0.0000,0.000,1600,2523,208,549,17094,1356,30,102,16,115.267,2,285,876,1362,0,0,0,False,0,0,0,False,3,3,85,False,0.000135,-0.000022,1.000000,1.000000,1.530899,187.162916,187.162916,-0.000278,1.000000,1.543633,188.054275,0.999352,0.135498,0.126618
98771,0.0000,0.000,1600,8372,121,550,15562,1153,7,403,114,125.527,2,1086,6311,975,0,0,0,False,0,0,0,False,1,1,21,False,-0.000930,-0.000324,1.000000,1.000000,1.487575,184.130231,184.130231,-0.000855,1.000000,1.561171,189.281993,0.946871,0.260007,0.141804
98772,0.0000,0.000,1600,329,38,803,15318,1504,22,12,2,126.328,1,27,252,50,0,0,0,False,0,0,0,False,4,4,43,False,0.004781,0.000099,1.000000,1.000000,1.484392,183.907456,183.907456,0.010285,1.000000,1.452923,181.704595,0.784889,0.874511,0.498036
98773,0.0000,0.000,1600,10278,195,546,16748,1359,31,121,287,119.361,2,5376,2998,1904,0,0,0,False,0,0,0,False,3,3,91,False,0.000492,0.000057,1.000000,1.000000,1.539502,187.765114,187.765114,-0.000227,1.000000,1.564145,189.490122,0.997531,0.291835,0.263438
98774,0.0000,0.000,1600,11918,51,903,16293,1346,28,426,109,123.638,1,4599,7068,251,0,0,0,False,0,0,0,False,2,2,69,False,0.000103,0.000283,1.000000,1.000000,1.488866,184.220630,184.220630,0.001219,1.000000,1.520113,186.407889,0.923135,0.715347,0.480176
98765,0.0312,0.250,1600,30,23,1595,14725,772,27,0,1,120.767,1,1,28,1,1,1,16,False,0,0,0,False,8,8,124,False,-0.001165,-0.001118,0.999964,0.999965,1.535619,187.493333,187.486518,-0.017558,0.999451,1.545779,188.101257,0.856859,0.867410,0.854757
98766,0.0312,0.250,1600,1272,278,551,15371,1512,29,74,11,121.134,2,149,727,396,0,0,0,False,0,0,0,False,3,3,42,False,-0.000404,-0.000043,0.999987,0.999999,1.489699,184.278904,184.276566,-0.000695,0.999978,1.497844,184.845039,0.715904,0.882358,0.421077
98767,0.0312,0.250,1600,9914,16,556,15195,781,32,24,432,124.935,1,4085,5711,118,0,0,0,False,0,0,0,False,8,8,129,False,-0.003862,-0.001814,0.999879,0.999943,1.451760,181.623170,181.601260,-0.003242,0.999899,1.453737,181.743182,0.995863,0.897629,0.859299
98768,0.0312,0.250,1600,1614,318,549,16506,859,28,108,0,125.924,1,191,1422,1,1,1,12,False,0,0,0,False,2,2,39,False,0.000184,-0.000149,1.000006,0.999995,1.501394,185.097612,185.098679,0.000000,1.000000,1.555869,188.910844,0.991162,0.123023,0.110938
98769,0.0312,0.250,1600,10082,110,550,13734,504,32,321,80,127.274,1,2466,7616,0,0,0,0,False,0,0,0,False,11,10,99,True,-0.000024,-0.000199,0.999999,0.999994,1.478777,183.514393,183.514258,0.000000,1.000000,0.000000,0.000000,0.998626,,
98770,0.0312,0.250,1600,5555,111,892,15046,1358,26,271,86,120.377,1,355,4314,886,0,0,0,False,2,2,7,False,4,4,87,False,-0.000227,-0.000149,0.999993,0.999995,1.462669,182.386846,182.385561,0.000104,1.000003,1.474842,183.239565,0.902179,0.480099,0.254328
98771,0.0312,0.250,1600,6110,633,1547,15068,1499,13,314,47,116.719,2,501,4051,1558,0,0,0,False,0,0,0,False,4,4,34,False,0.002286,0.000507,1.000071,1.000016,1.539550,187.768488,187.781848,-0.000008,1.000000,1.565377,189.576353,0.997676,0.193249,0.176821
98772,0.0312,0.250,1600,9769,994,7,16465,1103,7,312,124,117.347,2,2583,6005,1181,0,0,0,False,0,0,0,False,0,0,0,False,0.000352,-0.000075,1.000011,0.999998,1.544730,188.131134,188.133203,-0.000482,0.999985,1.578449,190.488583,0.505516,0.418295,0.079840
98773,0.0312,0.250,1006,0,0,1006,14505,960,42,0,1,0.000,0,0,0,0,2,1,3,True,1,0,1,True,5,4,148,True,0.000000,0.000073,1.000000,1.000002,0.000000,0.000000,0.000000,0.000000,1.000000,0.000000,0.000000,,,
98774,0.0312,0.250,1600,6339,53,893,14958,852,25,261,303,119.303,2,1821,2766,1752,0,0,0,False,0,0,0,False,4,4,63,False,0.000156,-0.000083,1.000005,0.999997,1.529712,187.079852,187.080765,-0.000318,0.999990,1.541609,187.910744,0.545922,0.666623,0.174399
98765,0.0625,0.500,1600,2555,6,1372,14767,1570,35,0,322,125.714,1,1314,1241,0,2,2,23,False,0,0,0,False,9,8,191,True,-0.000073,0.000175,0.999995,1.000011,1.437162,180.601338,180.600513,0.000000,1.000000,0.000000,0.000000,0.995742,,
98766,0.0625,0.500,1600,1843,26,919,16397,1512,30,100,37,121.383,2,234,732,877,0,0,0,False,0,0,0,False,5,5,90,False,0.002850,0.000984,1.000178,1.000061,1.488284,184.179896,184.212752,0.004146,1.000259,1.496398,184.795699,0.998743,0.239495,0.243327
98767,0.0625,0.500,1600,4235,16,555,15184,778,28,58,259,120.466,1,2328,1869,38,0,0,0,False,0,0,0,False,8,8,135,False,-0.000252,-0.000029,0.999984,0.999998,1.499435,184.960417,184.957505,-0.000758,0.999953,1.498088,184.857219,0.993861,0.971294,0.958160
98768,0.0625,0.500,1600,3902,165,550,15234,1487,23,188,117,121.443,2,414,2441,1047,0,0,0,False,0,0,0,False,1,1,29,False,0.000608,0.000155,1.000038,1.000010,1.505775,185.404247,185.411275,0.000187,1.000012,1.554599,188.824125,0.867984,0.561157,0.279385
98769,0.0625,0.500,1600,4327,19,925,16419,1573,32,33,332,119.498,1,1312,1739,1276,1,1,62,False,1,1,16,False,4,4,97,False,-0.000103,0.000137,0.999994,1.000009,1.500250,185.017486,185.016295,-0.000001,1.000000,1.528597,187.001786,0.924524,0.738323,0.524191
98770,0.0625,0.500,1600,418,26,1163,16283,1551,28,16,0,117.038,1,2,10,406,0,0,0,False,0,0,0,False,2,2,75,False,-0.000075,0.000070,0.999995,1.000004,1.451194,181.583593,181.582738,-0.000117,0.999993,1.450319,181.521019,0.625493,0.970021,0.479029
98771,0.0625,0.500,1600,11497,261,547,14727,1448,27,39,532,120.889,2,3207,6542,1748,0,0,0,False,0,0,0,False,4,4,83,False,-0.000677,-0.000158,0.999958,0.999990,1.475601,183.292099,183.284385,0.000259,1.000016,1.514089,185.989271,0.993369,0.337620,0.284908
98772,0.0625,0.500,1600,8024,37,1427,14058,1059,31,0,585,119.678,1,2786,5166,72,2,2,16,False,0,0,0,False,7,7,107,False,0.000507,0.000029,1.000032,1.000002,1.493430,184.540115,184.545981,0.000132,1.000008,1.503187,185.224628,0.989806,0.997463,0.995126
98773,0.0625,0.500,1600,5647,18,550,14322,1578,36,0,325,124.855,1,3181,2310,156,1,1,82,False,1,1,22,False,8,8,133,False,0.000055,0.000001,1.000003,1.000000,1.443215,181.025039,181.025662,-0.000378,0.999976,1.443310,181.027375,0.996835,0.991988,0.980839
98774,0.0625,0.500,1600,9420,6,556,14191,508,38,396,69,121.077,1,4845,4575,0,1,1,8,False,0,0,0,False,10,9,176,True,-0.003107,-0.000139,0.999806,0.999991,1.468613,182.802911,182.767415,0.000000,1.000000,0.000000,0.000000,0.997987,,
