Seed,Coupling,MaxPlantEnergyEffectPercent,FinalCycle,FinalPopulation,MinimumPopulation,MinimumPopulationCycle,MaximumPopulation,MaximumPopulationCycle,LongestNoBirthStreak,FinalBirths,FinalDeaths,FinalAverageGeneration,FinalSpeciesCount,VallePopulation,BosquePopulation,LlanuraPopulation,ValleLocalExtinctionEpisodes,ValleRecolonizations,ValleLongestEmptyPeriod,ValleEmptyAtEnd,BosqueLocalExtinctionEpisodes,BosqueRecolonizations,BosqueLongestEmptyPeriod,BosqueEmptyAtEnd,LlanuraLocalExtinctionEpisodes,LlanuraRecolonizations,LlanuraLongestEmptyPeriod,LlanuraEmptyAtEnd,FinalLivingFeedingModifier,MeanEffectiveParentFeedingModifier,FinalLivingPlantEnergyMultiplier,MeanEffectiveParentPlantEnergyMultiplier,FinalLivingPlantDigestionEfficiency,FinalLivingEffectivePlantEnergyAssimilation,FinalLlanuraFeedingModifier,FinalLlanuraPlantEnergyMultiplier,FinalLlanuraPlantDigestionEfficiency,FinalLlanuraEffectivePlantEnergyAssimilation,ValleBosqueMateAcceptance,ValleLlanuraMateAcceptance,BosqueLlanuraMateAcceptance
98765,0.0000,0.000,1600,1971,353,898,15695,856,27,89,8,122.770,2,369,917,685,0,0,0,False,0,0,0,False,2,2,68,False,-0.001178,-0.000024,1.000000,1.000000,0.993600,0.993600,-0.000703,1.000000,0.997873,0.997873,0.935655,0.738875,0.524243
98766,0.0000,0.000,1600,9714,292,680,13910,1103,27,170,259,119.897,2,5170,3146,1398,0,0,0,False,0,0,0,False,3,3,78,False,-0.000612,-0.000477,1.000000,1.000000,0.995561,0.995561,-0.001518,1.000000,0.998015,0.998015,0.987770,0.286244,0.222761
98767,0.0000,0.000,1600,79,20,870,14528,764,29,1,10,123.139,1,21,53,5,1,1,78,False,1,1,12,False,9,9,137,False,0.000000,-0.000005,1.000000,1.000000,0.997254,0.997254,0.000000,1.000000,1.000000,1.000000,0.998139,0.928791,0.915633
98768,0.0000,0.000,1600,1275,212,549,16016,1533,29,50,9,120.497,2,128,837,310,0,0,0,False,0,0,0,False,2,2,58,False,-0.002144,-0.000462,1.000000,1.000000,0.997107,0.997107,-0.000948,1.000000,0.998308,0.998308,0.997204,0.218003,0.231425
98769,0.0000,0.000,1600,1415,136,550,13749,505,31,104,0,125.379,1,6,1409,0,1,1,10,False,0,0,0,False,12,11,97,True,-0.000107,0.000040,1.000000,1.000000,0.996199,0.996199,0.000000,1.000000,0.000000,0.000000,0.985289,,
98770,0.0000,0.000,1600,2523,208,549,17094,1356,30,102,16,115.267,2,285,876,1362,0,0,0,False,0,0,0,False,3,3,85,False,0.000296,0.000220,1.000000,1.000000,0.996416,0.996416,0.000401,1.000000,0.997819,0.997819,0.999352,0.135498,0.126618
98771,0.0000,0.000,1600,8372,121,550,15562,1153,7,403,114,125.527,2,1086,6311,975,0,0,0,False,0,0,0,False,1,1,21,False,0.000945,0.000487,1.000000,1.000000,0.995123,0.995123,0.001687,1.000000,0.998075,0.998075,0.946871,0.260007,0.141804
98772,0.0000,0.000,1600,329,38,803,15318,1504,22,12,2,126.328,1,27,252,50,0,0,0,False,0,0,0,False,4,4,43,False,-0.003855,-0.000029,1.000000,1.000000,0.989989,0.989989,-0.008272,1.000000,0.982723,0.982723,0.784889,0.874511,0.498036
98773,0.0000,0.000,1600,10278,195,546,16748,1359,31,121,287,119.361,2,5376,2998,1904,0,0,0,False,0,0,0,False,3,3,91,False,0.000163,0.000127,1.000000,1.000000,0.996375,0.996375,0.001660,1.000000,0.997519,0.997519,0.997531,0.291835,0.263438
98774,0.0000,0.000,1600,11918,51,903,16293,1346,28,426,109,123.638,1,4599,7068,251,0,0,0,False,0,0,0,False,2,2,69,False,-0.000673,0.000084,1.000000,1.000000,0.995264,0.995264,-0.000178,1.000000,0.998918,0.998918,0.923135,0.715347,0.480176
98765,0.1250,1.000,1600,11173,71,890,13912,843,23,566,111,121.053,1,4067,7105,1,0,0,0,False,0,0,0,False,3,3,58,False,0.001028,0.000127,1.000128,1.000016,0.996591,0.996719,0.000000,1.000000,1.000000,1.000000,0.997235,0.463321,0.434370
98766,0.1250,1.000,1600,5620,252,550,16065,1509,29,261,46,119.219,2,508,4598,514,0,0,0,False,0,0,0,False,3,3,83,False,-0.002269,-0.000130,0.999716,0.999984,0.959879,0.959607,0.000056,1.000007,0.997115,0.997122,0.810373,0.348932,0.114424
98767,0.1250,1.000,1600,1354,5,557,15562,1568,36,0,253,121.073,1,524,830,0,2,2,31,False,0,0,0,False,10,9,202,True,0.004028,0.000479,1.000504,1.000060,0.996716,0.997218,0.000000,1.000000,0.000000,0.000000,0.976375,,
98768,0.1250,1.000,1600,13328,234,553,15451,877,25,371,183,120.781,2,4256,7518,1554,0,0,0,False,0,0,0,False,4,4,52,False,0.000158,0.000096,1.000020,1.000012,0.996135,0.996155,0.000650,1.000081,0.998150,0.998231,0.975691,0.462200,0.352384
98769,0.1250,1.000,1600,8736,54,550,13961,504,34,433,61,126.686,1,1787,6948,1,0,0,0,False,0,0,0,False,10,10,110,False,0.000948,0.000305,1.000119,1.000038,0.994769,0.994887,0.000000,1.000000,1.000000,1.000000,0.994064,0.928445,0.892852
98770,0.1250,1.000,1600,1213,62,553,16258,1401,30,39,17,115.406,1,10,105,1098,0,0,0,False,0,0,0,False,3,3,79,False,0.000593,-0.000086,1.000074,0.999989,0.996394,0.996467,0.000608,1.000076,0.996423,0.996498,0.991595,0.936888,0.914917
98771,0.1250,1.000,1600,11387,45,906,15907,1147,28,541,119,121.219,2,2916,7344,1127,0,0,0,False,0,0,0,False,2,2,72,False,0.000608,-0.000193,1.000076,0.999976,0.990148,0.990224,0.001221,1.000153,0.997886,0.998039,0.841220,0.400647,0.148719
98772,0.1250,1.000,1600,5458,9,1399,14753,1578,37,0,534,123.891,1,1950,3503,5,3,3,4,False,0,0,0,False,8,8,145,False,-0.000192,-0.000056,0.999976,0.999993,0.987151,0.987127,0.000000,1.000000,0.964424,0.964424,0.954801,0.943242,0.993808
98773,0.1250,1.000,1600,2046,438,546,15659,1550,9,95,28,114.063,2,276,464,1306,0,0,0,False,0,0,0,False,1,1,23,False,0.000570,0.000343,1.000071,1.000043,0.949649,0.949716,0.000556,1.000070,0.998519,0.998589,0.644709,0.445229,0.117011
98774,0.1250,1.000,1600,1145,9,556,14651,1307,35,85,6,122.220,1,36,1109,0,1,1,7,False,0,0,0,False,10,9,157,True,0.000665,0.000659,1.000083,1.000082,0.995056,0.995139,0.000000,1.000000,0.000000,0.000000,0.996364,,
98765,0.2500,2.000,1600,11189,288,1139,16021,1096,27,139,256,120.434,2,5786,4303,1100,0,0,0,False,0,0,0,False,3,3,78,False,0.001192,0.000900,1.000298,1.000225,0.968908,0.969196,0.001641,1.000410,0.997455,0.997864,0.963837,0.299232,0.196987
98766,0.2500,2.000,1600,5950,56,1124,14445,1254,26,98,176,121.205,1,2671,3245,34,0,0,0,False,0,0,0,False,7,7,111,False,0.001299,0.000371,1.000325,1.000093,0.995481,0.995804,0.002049,1.000512,0.998152,0.998663,0.999378,0.962592,0.954959
98767,0.2500,2.000,1600,1561,72,552,14289,1217,16,66,228,117.491,1,886,674,1,0,0,0,False,0,0,0,False,11,11,120,False,-0.000151,-0.000146,0.999962,0.999963,0.900821,0.900789,0.000000,1.000000,0.998216,0.998216,0.654092,0.445182,0.837483
98768,0.2500,2.000,1600,3161,52,553,15237,1512,21,187,20,122.804,2,99,2668,394,0,0,0,False,0,0,0,False,2,2,112,False,0.001423,0.000165,1.000356,1.000041,0.995142,0.995497,0.001596,1.000399,0.998066,0.998464,0.973835,0.259030,0.170992
98769,0.2500,2.000,1600,2992,38,1498,15725,1453,33,148,20,121.110,1,1366,1626,0,0,0,0,False,0,0,0,False,7,6,115,True,0.002183,0.000027,1.000546,1.000007,0.996692,0.997236,0.000000,1.000000,0.000000,0.000000,0.991881,,
98770,0.2500,2.000,1600,8931,111,895,16613,1333,25,438,81,117.489,2,2989,4635,1307,0,0,0,False,0,0,0,False,2,2,66,False,0.000272,-0.000012,1.000068,0.999997,0.964787,0.964852,0.000053,1.000013,0.997993,0.998007,0.691162,0.455031,0.123404
98771,0.2500,2.000,1600,3964,86,550,13757,504,34,192,62,127.423,1,56,3908,0,0,0,0,False,0,0,0,False,11,10,107,True,0.002368,0.000741,1.000592,1.000185,0.994216,0.994804,0.000000,1.000000,0.000000,0.000000,0.993480,,
98772,0.2500,2.000,1600,5827,50,554,13961,507,34,321,22,125.961,1,656,5171,0,0,0,0,False,0,0,0,False,10,9,79,True,0.001314,0.000504,1.000328,1.000126,0.994646,0.994973,0.000000,1.000000,0.000000,0.000000,0.989662,,
98773,0.2500,2.000,1600,2320,133,687,16168,1372,32,87,51,118.897,1,289,565,1466,0,0,0,False,0,0,0,False,2,2,94,False,0.007002,0.001452,1.001751,1.000363,0.996418,0.998163,0.007133,1.001783,0.997078,0.998856,0.964515,0.990023,0.951677
98774,0.2500,2.000,1600,1656,197,550,16842,1524,31,88,0,121.896,1,350,1306,0,0,0,0,False,0,0,0,False,3,2,35,True,-0.000211,0.000103,0.999947,1.000026,0.996441,0.996389,0.000000,1.000000,0.000000,0.000000,0.994871,,
