Seed,Coupling,MaxThermalChallengeEffectPercent,FinalCycle,FinalPopulation,MinimumPopulation,MinimumPopulationCycle,MaximumPopulation,MaximumPopulationCycle,LongestNoBirthStreak,FinalBirths,FinalDeaths,FinalAverageGeneration,FinalSpeciesCount,VallePopulation,BosquePopulation,LlanuraPopulation,ValleLocalExtinctionEpisodes,ValleRecolonizations,ValleLongestEmptyPeriod,ValleEmptyAtEnd,BosqueLocalExtinctionEpisodes,BosqueRecolonizations,BosqueLongestEmptyPeriod,BosqueEmptyAtEnd,LlanuraLocalExtinctionEpisodes,LlanuraRecolonizations,LlanuraLongestEmptyPeriod,LlanuraEmptyAtEnd,FinalLivingThermalModifier,MeanEffectiveParentThermalModifier,FinalLivingStressMultiplier,MeanEffectiveParentStressMultiplier,FinalLivingThermalFitness,MeanEffectiveParentThermalFitness,FinalLlanuraThermalModifier,FinalLlanuraThermalFitness,ValleBosqueMateAcceptance,ValleLlanuraMateAcceptance,BosqueLlanuraMateAcceptance
98765,0.0000,0.000,1154,0,0,1154,16618,1107,45,0,1,0.000,0,0,0,0,1,0,1,True,2,1,19,True,4,3,130,True,0.000000,-0.000150,1.000000,1.000000,0.000000,0.850377,0.000000,0.000000,,,
98766,0.0000,0.000,1600,5873,347,903,14759,861,27,293,33,120.091,2,1098,3528,1247,0,0,0,False,0,0,0,False,3,3,71,False,0.000763,0.000420,1.000000,1.000000,0.868687,0.859004,0.002471,0.685993,0.987715,0.274488,0.209911
98767,0.0000,0.000,1600,1001,6,1483,14688,756,37,37,6,122.255,1,194,807,0,2,2,88,False,1,1,30,False,9,8,150,True,-0.000006,0.000114,1.000000,1.000000,0.938229,0.863884,0.000000,0.000000,0.993479,,
98768,0.0000,0.000,1600,10599,258,550,16079,1106,29,263,189,122.345,1,4731,4341,1527,1,1,2,False,0,0,0,False,3,3,47,False,-0.005601,-0.001294,1.000000,1.000000,0.844300,0.865584,-0.004503,0.671115,0.942784,0.433444,0.264939
98769,0.0000,0.000,1600,4376,603,548,16638,1352,6,175,30,116.601,2,296,2284,1796,0,0,0,False,0,0,0,False,2,2,42,False,-0.000014,0.000168,1.000000,1.000000,0.853474,0.866301,0.000098,0.728192,0.998432,0.145013,0.130025
98770,0.0000,0.000,1600,1242,162,923,16076,1561,20,39,59,113.882,1,9,39,1194,1,1,14,False,0,0,0,False,4,4,19,False,-0.000560,-0.000246,1.000000,1.000000,0.681152,0.856056,-0.000541,0.679263,0.990257,0.954787,0.961181
98771,0.0000,0.000,1600,12158,76,1332,16972,1287,8,372,116,121.817,1,4594,7553,11,2,2,14,False,0,0,0,False,0,0,0,False,-0.000305,0.000037,1.000000,1.000000,0.893154,0.867317,0.000000,0.736210,0.941175,0.083417,0.043479
98772,0.0000,0.000,1600,2345,166,731,15724,964,20,87,45,114.597,2,69,570,1706,0,0,0,False,0,0,0,False,0,0,0,False,-0.000122,0.000147,1.000000,1.000000,0.773517,0.845261,-0.000121,0.771790,0.857513,0.789296,0.458128
98773,0.0000,0.000,1600,691,95,548,13753,502,32,45,0,125.792,1,17,674,0,1,1,2,False,0,0,0,False,11,10,102,True,-0.000463,-0.000141,1.000000,1.000000,0.983008,0.885940,0.000000,0.000000,0.990998,,
98774,0.0000,0.000,1600,27,27,1599,14801,1549,34,0,0,120.556,1,7,20,0,0,0,0,False,0,0,0,False,11,10,124,True,0.000369,0.000245,1.000000,1.000000,0.915609,0.861481,0.000000,0.000000,0.994304,,
98765,0.1250,1.000,1600,1971,353,898,15695,856,27,89,8,122.770,2,369,917,685,0,0,0,False,0,0,0,False,2,2,68,False,0.000096,-0.000042,0.999988,1.000005,0.790461,0.857135,0.000603,0.701390,0.935655,0.738875,0.524243
98766,0.1250,1.000,1600,9714,292,680,13910,1103,27,170,259,119.897,2,5170,3146,1398,0,0,0,False,0,0,0,False,3,3,78,False,-0.000298,-0.000002,1.000037,1.000000,0.807590,0.871045,0.000244,0.677363,0.987770,0.286244,0.222761
98767,0.1250,1.000,1600,79,20,870,14528,764,29,1,10,123.139,1,21,53,5,1,1,78,False,1,1,12,False,9,9,137,False,-0.000017,0.000055,1.000002,0.999993,0.882059,0.868895,0.004014,0.367956,0.998139,0.928791,0.915633
98768,0.1250,1.000,1600,1275,212,549,16016,1533,29,50,9,120.497,2,128,837,310,0,0,0,False,0,0,0,False,2,2,58,False,0.000464,0.000066,0.999942,0.999992,0.864239,0.873772,0.000874,0.600236,0.997204,0.218003,0.231425
98769,0.1250,1.000,1600,1415,136,550,13749,505,31,104,0,125.379,1,6,1409,0,1,1,10,False,0,0,0,False,12,11,97,True,-0.000654,-0.000043,1.000082,1.000005,0.987821,0.880256,0.000000,0.000000,0.985289,,
98770,0.1250,1.000,1600,2523,208,549,17094,1356,30,102,16,115.267,2,285,876,1362,0,0,0,False,0,0,0,False,3,3,85,False,-0.000263,-0.000075,1.000033,1.000009,0.814503,0.860761,-0.000185,0.734238,0.999352,0.135498,0.126618
98771,0.1250,1.000,1600,8372,121,550,15562,1153,7,403,114,125.527,2,1086,6311,975,0,0,0,False,0,0,0,False,1,1,21,False,-0.000194,-0.000217,1.000024,1.000027,0.908515,0.878458,0.001311,0.705379,0.946871,0.260007,0.141804
98772,0.1250,1.000,1600,329,38,803,15318,1504,22,12,2,126.328,1,27,252,50,0,0,0,False,0,0,0,False,4,4,43,False,0.001167,0.000234,0.999854,0.999971,0.879551,0.851730,0.000463,0.490505,0.784889,0.874511,0.498036
98773,0.1250,1.000,1600,10278,195,546,16748,1359,31,121,287,119.361,2,5376,2998,1904,0,0,0,False,0,0,0,False,3,3,91,False,-0.000982,-0.000421,1.000123,1.000053,0.834132,0.855452,-0.001936,0.667784,0.997531,0.291835,0.263438
98774,0.1250,1.000,1600,11918,51,903,16293,1346,28,426,109,123.638,1,4599,7068,251,0,0,0,False,0,0,0,False,2,2,69,False,0.000047,-0.000023,0.999994,1.000003,0.883947,0.855836,-0.000636,0.691542,0.923135,0.715347,0.480176
98765,0.2500,2.000,1600,2474,216,548,14738,1214,29,138,35,119.420,1,958,1284,232,1,1,12,False,0,0,0,False,2,2,84,False,0.001034,0.000444,0.999742,0.999889,0.844135,0.871274,0.003105,0.623784,0.995175,0.968409,0.950132
98766,0.2500,2.000,1600,3259,69,1157,15196,1575,33,0,307,125.710,1,1242,2013,4,0,0,0,False,0,0,0,False,9,9,112,False,-0.000527,-0.000168,1.000132,1.000042,0.893410,0.874870,0.000000,0.150000,0.965139,0.943768,0.990658
98767,0.2500,2.000,1600,2165,7,1247,14977,1200,37,89,12,122.222,1,23,2142,0,2,2,35,False,0,0,0,False,10,9,181,True,-0.000005,0.000016,1.000001,0.999996,0.942701,0.854384,0.000000,0.000000,0.998442,,
98768,0.2500,2.000,1600,2414,11,1476,14210,1074,38,137,12,123.900,1,180,2234,0,1,1,3,False,0,0,0,False,9,8,162,True,-0.000037,-0.000544,1.000009,1.000136,0.951561,0.867763,0.000000,0.000000,0.998706,,
98769,0.2500,2.000,1600,234,25,553,14496,1394,36,2,1,120.991,1,57,173,4,2,2,17,False,0,0,0,False,10,10,131,False,-0.002151,-0.000578,1.000538,1.000145,0.909171,0.863992,0.000000,0.323072,0.992607,0.857018,0.857463
98770,0.2500,2.000,1600,14283,803,550,15122,907,22,214,241,121.308,2,7111,5963,1209,1,1,1,False,0,0,0,False,1,1,12,False,0.000540,0.000408,0.999865,0.999898,0.835021,0.866099,-0.000365,0.669932,0.993941,0.247301,0.204985
98771,0.2500,2.000,1600,4136,15,894,16158,1527,27,231,3,124.182,1,360,3775,1,0,0,0,False,1,1,23,False,2,2,101,False,0.000142,0.000035,0.999965,0.999991,0.963579,0.853814,0.000000,0.744627,0.988457,0.148060,0.108025
98772,0.2500,2.000,1600,7661,297,551,14978,1119,29,409,75,120.333,2,686,5875,1100,0,0,0,False,0,0,0,False,4,4,37,False,-0.001848,-0.000308,1.000462,1.000077,0.917167,0.873713,-0.002370,0.697087,0.980111,0.168345,0.115035
98773,0.2500,2.000,1600,13829,161,896,15916,851,14,613,118,120.821,1,5374,6988,1467,2,2,9,False,2,2,26,False,1,1,19,False,0.002986,0.000863,0.999254,0.999784,0.873418,0.850113,0.002230,0.654885,0.980509,0.792627,0.679547
98774,0.2500,2.000,1600,824,14,558,14325,1532,30,46,5,120.614,1,194,630,0,0,0,0,False,0,0,0,False,10,9,115,True,0.002882,0.001359,0.999280,0.999660,0.923373,0.859326,0.000000,0.000000,0.975544,,
